variant,effective_import_share,direct_import_share
all_goods,0.2641180802063712,0.154315245102267
core_goods,0.3227545225964122,0.19083270603506475
durables,0.283313540178304,0.19137772225160798
