variant,effective_import_share,direct_import_share
all_goods,0.2624957818779799,0.15340944386268476
core_goods,0.32068021560203647,0.18966486425458098
durables,0.2799920180330856,0.1895693989557603
