variant,effective_import_share,direct_import_share
all_goods,0.26374271580590286,0.1539776257847077
core_goods,0.3224613648041915,0.19049738411705214
durables,0.28218020908438657,0.19076700355455975
